question_text,question_id
"What are the cateogaries which encapsulate Microsoft's strategic priorities, innovation and growth areas as mentioned by Satya Nadella during the call?",0
What were the key financial achievements for Microsoft in the fiscal year as reported by Satya Nadella?,1
What are the two fundamental focuses for Microsoft in navigating the AI platform shift as per Satya Nadella?,2
"How has Azure contributed to Microsoft's growth, according to Nadella's statement?",3
What advancements did Microsoft make in the developer tools sector?,4
"As per Satya, what initiatives has Microsoft taken to enhance security?",5
How is LinkedIn performing and evolving as part of Microsoft's consumer businesses?,6
Discuss the Activision acquisition's impact on Microsoft's financial performance and operating expenses,7
"What is the expected revenue growth for the Productivity and Business Processes segment, and what are the main contributors to this growth?",8
What was the revenue from the Intelligent Cloud segment and what is the expected revenue for this segment?,9
What was the revenue from the LinkedIn and what is the expected revenue growth for LinkedIn?,10
What are the main themes or cateogories does Amy Hood talk about? Generate a detailed summary consisting of key take aways for each cateogary,11
 How does Microsoft manage their capex spend according to Satya Nadella?,12
"According to Hood, what is the advantage of having built a consistent architecture with the commercial cloud and the Azure stack for AI?",13
What does Amy Hood say about the difference in margin improvement in AI compared to the last cloud cycle?,14
What does Nadella mention as a healthy sign for their SaaS core business?,15
What does Keith Bachman ask about the growth potential of gaming?,16
How do Satya Nadella and Amy Hood respond to the question about the growth potential of gaming?,17
How does Satya Nadella respond to the question about Copilot for M365?,18
How do Satya and Amy Hood respond to the question about AI partnerships?,19
,20
