question_id,question_text
1136966,#ffffff color code
1136965,why did qbe stock drop?
1136956,why did the monroe doctrine originate?
1136841,why do trade winds move in this pattern
1135787,distance between erie in buffalo new york
1125025,symptoms of hypercalcemia of malignancy
281922,how many days would it take to get to pluto
86062,causes of dizziness when you stand up
167929,does kansas charge hotel tax for government employees
80665,can you use horse trailer for hay
120233,define dew point.
104691,cost of ibd digital
276902,how many calories in a grande iced chai tea with non fat milk
198914,has dr travis stork ever divorced
180241,emt schooling how long
374636,how to raise turkeys for ffa
1125024,bouillabaisse pronunciation
234133,how fast is a jet going as it lifts off?
339930,how soon should you notify people that you're moving
335726,how old is lily rader
46155,average time period to sell a home naples fl
76402,can you claim bankruptcy on taxes
210530,how can i know if someone is doing witchcraft on me
335954,how old is melania trump
319757,how much for a paver patio
148039,difference between natural and processed sugar
308586,how much does a bathroom remodel
1125023,symptoms of kidneys in women
241269,how long can a human go safely without having a bowel movement
24854,are seminal vesicles affected by testicular torsion
193633,ge consumer appliance services number
168342,does lime cook shrimp
172329,does the bride wear the engagement ring during wedding
378281,how to save photos to external harddrive on windows 10
50229,benefits of  rosemary tea
129511,define: embolization
243561,how long can you wait before a check expires
17676,an synonym for chickweed
1125022,symptoms of lectin poisoning
113998,current price for anthem
351516,how to construct a quadrilateral with 2 congruent diagonals that is not a rectangle
49867,below average temperature in august
1233,3 oz of ny strip calories
298416,how many times does it need for ur card to lock when declined payment
348585,how to change ink on epson wf-2650
264487,how long is schooling to become an optician
220038,how do plastic binding combs work
70702,can laziness be caused by bad digestion
367704,how to make a lego bar
1125021,symptoms of loss of gut bacteria
18749,another name for earth geographic south pole
133488,definition of concealer
304227,how much did bill gates give to charity in 2014
130810,definition for connectors
351107,how to communicate wage scales to managers
285070,how many grams of protein is in a tablespoon of peanut butter
366024,how to join to iphone calendar group
361253,how to get boost mobile to work on a verizon windows lumia 822
74733,can tinnitus cause headaches
75624,can we use credit card instead of debit card for online purchasing
1125020,symptoms of loss of smell and taste
94956,columbus ne in what county
249931,how long does a personal protection order last
85854,causes of computer shutting down
313747,how much does emt make
17452,amplitude (of a cycle) definition
38734,average market rate for snf in texas
81842,canine heartworm immunization
261308,how long for property tax refund mn
133677,definition of cowed
262104,how long is a chara dasha
1125019,symptoms of low ptt levels
203125,highest top fuel speed record
296625,how many star trek movies are there
138208,definition of skin color
321992,how much is eric roberts worth
338602,how sap is calculated
334554,how old is cameron
255034,how long does it take mercury to rotate on its axis
77633,can you get a hepatitis b shot while pregnant
19978,app to delete unwanted contacts from iphone
97487,consumer financial protection bureau (cfpb) functions
1125018,symptoms of lower abdomen numb
174129,does windows app mou age
221823,how do you diagnose hantavirus
209134,"how big is green lake, wi"
307674,how much do top models get paid
295631,how many sets in a pyramid workout
127197,define sm
204203,holloway sportswear
69123,can i go to the clerk of court and pick up a copy of my marriage license
196482,granby missouri high and low temp by month calendar
264805,how long is the ferry crossing from dover to calais
1125017,symptoms of malocclusion in rabbits
225887,"how does copper help in keeping the blood vessels, nerves, immune system and bones healthy"
349422,how to check color marks on metal studs
37122,average home build cost
23986,are online services taxable in pa
17356,amount of time to become a lawyer
77738,can you get cold sores on your nostril
304679,how much do an ob doctor make
85832,causes of coagulopathy
31116,average annual wage for RN in Olympia WA
71003,can lung tissue absorb liquids
1125016,addison's dog symptoms
8617,]university of texas average cost per year on average
165419,does dhea supplement increase appetite
288565,how many mg of sugar is recommended daily
93440,clintondale price dr
228637,"how does water as a polar molecule can carry salts, oxygen, vitamins, and other vital substances from organs of digestion to body cells."
103625,cost of digging footings
253939,how long does it take for gum to digest
94498,colitis symptoms in women
16519,american airlines phone number
319506,how much fescue grass seed per acre
1135786,"distance between fort wayne and richmond, in"
1125015,symptoms of ms in adults
231134,how far is greenville from greensboro
323478,how much is title search fee in florida
275539,how many books does usborne offer
64836,can be really nervous make your stomach upset
196308,gow to draw a rabbit
26547,aristotle's definition of politics
145831,did zooey deschanel sing in elf
23849,are naturalization records public information
357052,how to embed facebook into wordpress
366935,how to locate unindexed census records
1125014,symptoms of otalgia
356096,how to do shake and bake chicken legs
228793,how drunkenness lowers sodium chloride
301009,how many years is a dea valid for
52278,best way to cut through rolled roofing
93208,clear fluid from nose when bending over
8952,__________ are used for decisions that are related to aggregate and strategy demand.
220660,how do u get extended battery
23766,are mountain lions invasive species
333753,how old do you have to be to volunteer at the animal shelter
61411,cam impingement angle
1125013,symptoms of outside mold
310031,how much does a kodiak grizzly weigh
209519,how big is twin falls id
238143,how large can you print an instagram photo
341964,how the different kinds of harmonicas are made
158768,do rivers have sand fleas
101126,cost for hepatitis a vaccine
67540,can gallbladder disease cause neck and shoulder pain
338634,how secure is a tor browser
303614,how much cash can a person donate to a campaign at a time
65794,can cockatiels eat lettuce
1125012,symptoms of parasitic outbreak
373407,how to price a shower head install job
54476,block update ios 7 on iphone 4
367565,how to make a footnote for chicago style
154145,distinguishing characteristics of a temperate forest
298471,how many times has president trump vacationed
179395,electric charge definition
148422,difference between protected and public
362279,how to get psn for free
158569,do pronghorns shed their antlers
292073,how many people die each year in united states by being struck by lightning
1125011,symptoms of parkinson's disease coming and going
40168,average payroll taxes in california for employer
224379,how do you treat gerd
13292,age limit on joining the military
330934,how much would it cost to change my flight with Turkish airlines
266964,how long should i wait after an upper blepharoplasty before i wear eye makeup
189720,foods that promote inflammation list
355282,how to discipline children in a preschool setting
105519,cost of melania's dress
176276,drywall installation cost
33045,average cost of an urgent care visit
1125010,symptoms of parkinson's disease that come and go
334065,how old does h&m hire
130241,definition bearing
352055,how to cook a roast in a deep fryer
366323,how to kill lawn grubs
349938,how to cite a bill of congress in apa
275413,how many bits is int data type
235245,how heavy of a rider can a horse carry
331144,how my kmph is light speed
182553,example of receptor mediated endocytosis
148454,difference between python cobra boa
1125009,symptoms of pathological anxiety
329020,how much to finish one room in basement
146062,difference  between roth ira and traditional ira
261672,how long has curry been in the nba
80269,can you train yourself to walk in heels
338598,how sales budget is prepared
143751,did dolly parton sing for honda dealer commercial
639,1212 is how many acres
115881,dbd definition
343223,how to adjust dri ve cable on craftsman 6.75 rear drive lawnmower
282146,how many devices can stream netflix at once
1125008,symptoms of pulmonary hypertension in men
120398,define discrepancies
40950,average price per acre of treed land in southern california
322031,how much is food tax in chicago
274347,how many acres is magician lake
21614,are chickens noisy and smelly
236418,how is chicken distributed to consumers
212233,how credit is calculated
257752,how long does it take to microwave bacon
370832,how to merge word docs and pdf files
67283,can federal unpublished opinions be cited
1125006,symptoms of salivary gland blockage
366191,how to keep only selected area in excel and delete remain
222294,how do you get a passcode for securus
182742,examples of office automation system
360354,how to frame the wall tv
129325,define zoological
168224,does lemon contain phosphorus
3474,How do I install Microsoft Lync on iphone
298796,how many tries to pass driving test
192413,function of kenning in poetry
370026,how to make wind turbine project
1125005,symptoms of small intestinal bacterial overgrowth syndrome
37865,"average income solon, ohio"
323777,how much it costs to clean up black mold
234528,how fat is fat joe
101089,cost for full car alignment
212035,how common is tonsil cancer
96254,compliance assistant how to roll over to new academic year
354405,how to delete downloaded item
279969,how many copies of each type of gene does an individual generally carry
265689,how long it takes to heal torchatoritic bursitis
356881,how to edit a fuctional structure on word
1135785,distance between germany and saudi arabia
1125004,symptoms of squamous cell jaw cancer
238395,how late does gulfton skatepark stay open?
207328,how are corian worktops made
74218,can syrian hamsters catch human illnesses
71727,can neck pain cause tingling in head
66237,can dealers control roulette
238713,how long after a persons death can you file a wrongful death suit?
97301,consolidation information definition
181764,estimated value definition
94815,color wheel definition
251941,how long does grilled shrimp last in fridge
1125003,bovidae includes what animals
151096,different types of wood - light colour
221528,how do you connect a bluetooth device to a lenovo laptop
169964,does oxygen absorb infrared radiation
18308,animal husbandry definition
62108,can a company run without paid up capital
161568,document friedrich engels principles of communism
358178,how to find a focus group
105198,cost of live in home care
111461,costco in charlottesville hours
208855,how big is a platelet
1125002,symptoms of temporomandibular disorders (tmds) include
242822,how long can you collect unemployment in florida
301037,how many years is awake?
66627,can dogs eat people lamb
18808,another name for nickel
324864,how much money does a lighting designer make
108960,cost to build a garage per sq foot
145190,did susan on seinfeld really die
148091,difference between noun and subject
128820,define variable value vba
55454,bookkeeping terms
1125001,symptoms of tingling and burning feet
354469,how to delete multiple tabs at once in excel
147316,difference between flat front and pleated pants
109303,cost to do infloor heating
303056,how much can a magazine publisher make a year
310733,how much does a part time culinary instructor make
328100,how much stock do i have in disney
21667,are choco tacos actually made with taco shells
143189,did a woman get infected by a flesh eating bug in myrtle beach?
77919,can you get to ie on smart tv
267693,how long should you water a lawn
1125000,bovine prenatal prolapse causes
161755,does 186s monaro have twin carbs
155344,do box.tirtles stink
268873,how long to charge a car battery with a charger
333987,how old does a child have to be to stay home alone in tennessee
300915,how many years for dui to get off record in colorado
155990,do do re do re mi re do re mi fa mi re do
210838,how can i watch tampa bay rays vr white sox game
151489,dimensions of a can of soda
127749,define suspicion awareness
10137,ac liberation what is a prowder keg
1124999,symptoms of torticollis
74100,can sugar cause breathing issues
23483,are lyme disease tests accurate
375492,how to register home depot warranty
298065,how many threes kyle korver
327143,how much schooling is required to be a nurse practitioner
44946,average temperature december in taos
322411,how much is katherine mcphee worth
283106,how many envelopes in a box
253834,how long does it take for fleas to die after treatment
118372,define biological clock
1124998,bowdoin college admission office phone number
330631,how much will i earn if i invest in equities
323294,how much is the ncaa worth
155909,do debt collectors call your job and send police to send you a summons?
244461,how long do cash awards take for border patrol
261917,how long in texas after will goes into probate do you have to contest
59568,calories in 7 11 large cut up fruit
15442,alexis bledel how tall
301162,how many years of college to be an astrophysicist
70771,can lexapro cause diarrhea
231612,how far is madison blue spring state park from pensacola
1124997,symptoms psoriasis
251668,how long does exterior detail take
355473,how to do a 3 way call on iphone 5
209307,how big is snow valley
273535,how long will i be in a grand jury?
305205,how much do concrete masons make a year
126033,define purpose of an overview
278719,how many carbs in tomato puree
43323,average salary of dental hygienist
279199,how many characters can you have in an excel cell
334266,how old is ally walker
1124996,symptoms when too much aspirin is taken
197642,guitar chords and lyrics to things we said today
109912,cost to install new engine in silverado
118483,define boosterism
9785,abdominal aneurysm causes
19804,apa how to cite a website with multiple authors
195097,"give my best to, what does this mean"
323639,how much is vizio 3d hdtv screen
2019,Antoynm of loyal in English
213761,how did jefferson and hamilton differ
59274,calories boiled egg
1124995,symptoms your getting a fever
99885,correlation between nicotine patch and blood clots
97055,conjunction definition bio
353420,how to create a tuition reimbursement program
36808,average gpa for universitys
179068,efficiency definition microeconomics
375352,how to reference an online dictionary
124178,define money bonds
73291,can seniors citizens over 80 deposit to tfsa accounts
69082,can i get rid of moon face while on prednisone
232991,how fast are u-boats
1135784,distance between manarello to parma
1124993,syn flood meaning
124938,define oxide
108658,"cost sharing in medicine, definition"
24432,are pre-tax dental premiums deductible?
95633,common motherwort effect
302464,how much arsenic is safe
258178,how long does it take to ship from uk to singapore with Fedex
63787,can alcohol withdrawal cause swollen ankles
259133,how long does oxycontin stay in blood
237348,how is six sigma defined
42969,average salary mover
1124992,synaptic definition
282268,how many different breeds of dolphins?
85798,causes of chicken box
12082,adverse health effects of lead in children
331436,how often do 3 month olds eat
39689,average passenger vehicle weight
210266,how can i configure buffalo to email through office 365
138298,definition of sparse data
143889,did flyers win
186934,financial asset amortised cost
366905,how to load walmart money card
1124991,synchronized swimming
159595,do turtles carry disease
370042,how to make word document file larger
81735,cancun time zone change to eastern
215271,how did the little actress in poltergeist die
357697,how to factory reset lenovo thinkpad x240
119821,define curvilinear
230878,how far is destin florida from parrish
166590,does gannon university supply you with laptops
194760,get sick if you put your fingers in your mouth after touching a wild mouse
28484,at what age is hearing maturity reached
1124990,syncline meaning
276065,how many calories are in caesar salad
36150,average driver pay per mile in ohio
1560,6 in the morning ice t lyrics
152778,disney world hotels with monorail
35138,average cost to get rid of termites
366319,how to kill gray dogwood
268916,how long to chill tulip bulbs
373710,how to pronounce gorenje
50309,benefits of applying coconut oil to skin
190871,forest fire causes percentage
1124989,syncope define
291941,how many people are suffering from cancer
349266,how to change zulu time to local time
224217,how do you stir fry vegetables
267451,how long should you grill salmon
119369,define conducive work environment
50701,benefits of eating honey daily
258357,how long does it take to wear in a hacky sack?
247821,how long do you fry bacon
231773,how far is mt redoubt alaska from kenai
371739,how to organize a color fun run
1124988,syncope in an elderly person is a result of an
302819,how much caffeine in folgers simply smooth
225497,how does anxiety medication work
148064,difference between networking and promoting
115449,dart rate calculation formula
9526,a&m season ticket prices
377213,how to request community service for traffic ticket
304032,how much current can a resistor handle
86003,causes of deterioration of condenser coil
81720,cancun currency
71334,can metformin cause kidney damage
1124987,synergy kettlebell how much does each weigh
296035,how many spaces are in a tab space
363515,how to grill burgers on charcoal
208056,how bad is caffeine for your body
375784,how to remove all but filtered data
173782,does viognier contain pyrazines?
121025,define entente cordiale
277780,how many calories in tablespoon mayonnaise
184788,fallout 4 names that codsworth knows
68088,can hiv be transmitted through blood
368269,how to make an automatic go kart manual
1124986,synnova meaning
226750,how does light travel so fast
194444,george patrick lewis killer
164506,does chemo age you
45896,average temperatures in savannah ga by month
251098,how long does canned food really last
31126,average annual wind speed by zip code
237238,how is property divided in a divorce in indiana
137204,definition of polarity in a circuit
236563,how is dna replicated
193670,geico phone number direct number
1124985,synonym for brain cells
66331,can delphi method be used to make decisions
13075,age for speech sound development
131237,definition incisive
49984,benefit of banana during pregnancy
118151,define avarice.
144730,did oj simpson gain wait in jail
318557,how much does the average university cost
170058,does patellofemoral syndrome cause knee oa articles
263218,how long is an orthopedic appointment
306076,how much do it cost to get your bachelor degree online
1124984,synonym for main point
224546,how do you workout the breathing rate per minute on the calibration recording
54755,blue angels start time in seattle
376762,how to repair bad sectors with hirens
121393,define fair incidence principle
31904,average colorado salary
148332,difference between possums and opossums
37160,average home insurance cost newfoundland
321027,how much is a marriage license in ms
279684,how many cm in 5 ft2
362461,how to get rid of crabgrass without chemicals
1135783,distance between montgomery alabama in huntsville alabama
1124983,synonym for odyssey
98163,convert angular acceleration to linear
64569,can archimedes principle be used to obtain density of porous materials
330941,how much would it cost to do a diy carpeting
359058,how to find routing number of a check
140810,dementia and parkinson's symptoms
331366,how often can you do chemical peel
138835,definition of the word division
226573,how does inflating a blood pressure cuff affect brachial artery blood flow?
49766,beilagen definition culinary
316781,how much does it cost to resurface a patio
1124982,synonym for respondent
347841,how to cancel plates mass
138838,definition of the word electrolyte
332698,how often to increase tube feed rate
86869,causes of hypercalciuria
372780,how to plot a table when y=2x-1
230472,how far is amadores from airport
344931,how to become a certified yoga instructor online
270500,how long to expire
75961,can you be addicted to cannabis
362472,how to get rid of dead brown grass
1124981,synonym for static character
66565,can do attitude synonym
238723,how long after a suspected heart attack can blood tests be done to measure enzyme
12006,advantages of fusarium for food production
66440,can diabetics eat cheese
70515,can keep henna in your hair over night
153399,distance castries airport to cap estate st.lucia
79608,can you set powerpoint to automatically save as?
25747,are there pregnancy signs before a missed period
21322,are brachyrhamdia fish stings poisonous
373886,how to properly insert a long quote into an essay
1124980,synonym for the word contention
150552,different types of indoor orchids
181852,et seq meaning
228767,how dogs act before s esttjquake yahoo
276525,how many calories does an omelette have
345678,how to become clinical scientist
212732,how did SCOTUS strike down anti miranda legislation
370314,how to match low voltage transformer with lights
221271,how do you calculate tax credit on auto trade in
251643,how long does enlistment process take
226656,how does jesper workpad work
1124979,synonym for treatment
357972,how to file a w2c
303586,how much carbs in corn
180091,empathy vs sympathy definition
365127,how to insert decimal in excel
284933,how many grams of fat should i eat
378591,how to search for my ein number
128277,"define the word, theological"
179466,electrical power is measured in what units
134625,definition of faucet
319851,how much for cti per user
1124978,synonym integration
11446,adding flavor to steamed broccoli
155442,do canadians need visa to visit holland
183569,explain how a plants covert sun light into energy
307344,how much do social workers make annually
264136,how long is mission space ride in epcot
245447,how long do i boil shrimp for cocktail
201118,hendricks county early voting 2016
331098,"how much, on average, do trial lawyers make"
156068,do dvt impair circulation
367168,how to lower down cholesterol
1124977,synonym of aeronautics
74046,can stress in children cause temperatures
73903,can stool softeners make your stool white
242974,how long can you keep a cake in the fridge
328169,how much sugar do grapes have
323834,how much l arginine per day
328133,how much student loans can i afford
302407,how much are tiny houses colorado
280568,how many czk to usd
208639,how big does malamute get
103826,cost of electricity industrial in barbados
1124976,synonym of alyssum
221998,how do you explain the term allowable to a patient
131963,definition of absolutely.
35595,average cost trenching per foot
311242,how much does a research team cost
158522,do preschool children have to be immunized to attend preschool in colorado
313180,how much does bevchek cost
211737,how cold does it get in lake como
262488,how long is a judgment a lien against real estate in wi?
134197,definition of ecchi
353321,how to create a negative static charge
1124975,synonym of be able to
298895,how many type of wheel alignments are there
203337,himalayas mountains advantages and disadvantages of china
373105,how to prepare fresh cod
169235,does moby dick die
60991,calories in stonewood vodka martini
79085,can you put a microphone only in a combo jack
87628,causes of no reflexes
24774,are salt water systems banned
358928,how to find out what the buyout is on a lease
217748,how do i create a folder on sd card
1124974,synonym of inner core
348390,how to change date from american to australian in myob
235797,how important is salsa dancing in venezuela
199881,health care companies in the boston
213751,how did jay gatsby make his fortune
371850,how to own a double wide home with a small payment plan
298959,how many types of ischemic strokes
68044,can hepatorenal syndrome occur with acute liver disease?
120843,define elodontoma
168089,does lack of exertion causes seizures
137554,definition of quirk
1135782,distance between tampa & sarasota
1124973,synonym of jane
353998,how to cut spare ribs
80652,can you use guinea pig poop for fertilizer
347845,how to cancel prime membership amazon india
330915,how much would it cost roughly to purchase a 2 carat diamond ring
39477,average number of words in a script
25287,are terminals connected at lax
333301,how old do you have to be before you have to buy your fishing license in connecticut
3570,How does Platoâ€™s view of the afterlife compare with the Homeric and Vergilian view
262477,how long is a human foot
222776,how do you know if you have hard water
1124972,synonym of managing
19670,ao smith natural gas hot water heater price
344518,how to balance the ph of your body
15811,allopathic definition in trees
152249,discuss what happens during systole and diastole
218500,how do i insert a reverse switch in a chevrolet
257383,how long does it take to go from Civitavecchia Port to airpoort in rome
226648,how does james frey recovered himself in million little pieces
114418,current weather siena italy
36252,average elevation in the amazon
29542,auc medical definition
1124971,synonym of pushy
186484,festoon definition
142511,deviantart what does closed species mean
222166,how do you find the pythagorean theorem
108965,cost to build a home
169099,does mexico still own their oil
347946,how to care for a stye on the eyelid
201068,hemophilia why does this occur
378107,how to safely frame vintage papers
346543,how to buy a house and flip it with no money
93556,closing stock price for scobx
1124970,synonym of rightsizing
173145,does this affect our suspicious
373943,how to properly wire up an electric choke
290961,how many ounces equal a cc
347272,how to calculate quintiles in excel
63914,can am commander xt 1000
53212,biggest lens canon makes
166850,does grand millennium offer shuttle service to airport
82578,carbon monoxide symptoms
242976,how long can you keep a chicken in freezer
102719,cost of basketball gym
1124969,bowling average verification
114429,curriculum based measurement define
260963,how long for dysport to work
219078,how do i report a death to social security
41167,average property value in bethel ct
74921,can trimix cause swelling
198158,halloween videos facts origin meaning
51122,benefits of power bread
143750,did dog the bounty hunter's daughter die
209897,how can I speed up my internet download on computer?
65355,can carbon monoxide in garage cause explosion
1124968,synonyms for bistro
375366,how to reference rsa 93
248302,how long do you have to wait to get in pool after chlorine
341487,how tall is the portal
294305,how many racial categories are on the census for intermarriage
321936,how much is dj envy worth
331053,how much yearly rainfall in sacramento ca
300465,how many yards of fabric needed for men's vest
140609,delinquent taxes assumed definition
221184,how do you burn bay leaves to get them to smoke?
266522,how long should accounts stay on credit report
1124967,synonyms for eco-friendly
174162,does wine contain iodine
56562,bronchitis how long does it take to expel phlegm
156547,do groundhogs eat garbage
223465,how do you pronounce Genova
39872,average pay for intern in florida
317718,how much does old navy pay per hur
359805,how to fix arcing microwave
246327,how long do pencil pod black beans get
71480,can mold or mildew cause a rash on skin
260979,how long for error to be removed from credit report
1124966,synonyms for getting disease
332970,how old are united airlines planes
46841,average walking speed of adult male
346270,how to build a concrete foundation for a porch
70630,can lactaid milk cause diarrhea
223949,how do you sew a zip into a cushion
239239,how long after release indiebox
224228,how do you stop liquid diarrhea
65626,can children have iced tea
239912,how long are lotto tickets valid
145678,did trump tweet about amnesty
1124965,synonyms for remove
75656,can wellbutrin cause depression
134387,definition of environmental management system
169147,does midwife cover lactation services
228350,how does the subtropical jet stream work
91222,chemical equilibrium is reached in a system when
278233,how many candy crush soda levels are there
16500,american airlines federal credit union routing number
361555,how to get financing for home improvements with bad credit
347781,how to cancel justfab account
49798,belize annual cost per inmate
1124964,synonyms for representatives
100377,cost basis on ira
337823,how organisms use enzynes
104040,cost of ferrari california t
51823,best insulation board for walls
54477,blockade of gaza date
164099,does by a certain date mean before or on
308589,how much does a battleship chain link weigh
85176,causes of a lump above the knee cap
137464,definition of prurient
203551,historic east columbia on the brazos
1135781,distance between tip of italy and sicily
1124963,synonyms for survival
299357,how many veterinary practices in indianapolis?
177706,echo is it safe to do back squats
53422,biggest reptile in the world
283132,how many episodes are there of agatha raisin
24589,are radishes good for cancer
333905,how old do you need to be to get medical marijuana in ohio
339508,how soon can you file your tax return in virginia
199994,health food shop
201664,hgb hct blood levels
23968,are okras low carb
1124962,synonyms of athletic
292356,how many people file for disability each day
104062,cost of finishing basement which is half done'
373305,how to prevent enlarged prostate while young
296626,how many star wars movies are there?
241085,how long can a bone contusion last
195847,good sources of protein other than meat
314547,how much does it cost for sure ruffin
96443,computer networking definition and examples
287461,how many laws has donald trump broken
75730,can women join the navy seals special ops
1124961,bowling green water
255889,how long does it take to clear a personal check
108104,cost paris climate gdp wsj
3193,H .p. panchyat election date
342171,how thick is a standard countertop
82366,capsular contracture symptoms
146801,difference between clause and provision
290618,how many ohio supreme court justices
236076,how is a protect a top installed
99477,cooperstown ny average temperature
280651,how many days a year do oregon teachers work?
1124960,synonyms of contents
373470,how to print crop marks in word 2010
311096,how much does a psychiatric mental health nurse practitioner make in maryland
9880,aboriginal words and their meanings
211907,how come you can feel fluid in lungs when exhale
177241,early stages of alzheimer's symptoms
13306,age limit to become an airline pilot in the uk
317006,how much does it cost to take someone for slander
351407,how to connect my xbox one to my laptop
224198,how do you start quality assurance department for residential care
287979,how many lunar cycles per year
1124959,synonyms of crunch
24183,are pencil skirts business casual
228260,how does the principle of independent assortment apply to chromosomes
345032,how to become a dnp
89899,ceo of google net worth
48460,bakor name meaning
269078,how long to cook a 3 pound pork shoulder in crock pot
344299,how to bake a steak well done
71360,can metoprolol make your uring smell funny
120961,define endoscopies
88131,causes of rhonchi
1124958,synonyms of dazed
316717,how much does it cost to replace exterior front door?
87592,causes of night asthma attacks
57753,c# what is bitmap header
256675,how long does it take to get a passport in Cana
26886,arsenal credit union routing number
254373,how long does it take for plastic to decompose
375851,how to remove bicycle freehub
62365,can a former employee sue you for not answering if you would rehire
110114,cost to lift equifax credit freeze
222210,how do you fix a cracked phone screen
1124957,synonyms of discord
367273,how to make BING out of icing
322570,how much is membership to lifetime gym?
219641,how do large plumbing companies price work?
36471,average fico scores
169368,does mupirocin treat shingles
254937,how long does it take google analytics to start working
255627,how long does it take to become a teacher
86102,causes of dry heaves?
229341,how engines are made
313386,how much does ceramic detailing cost
1124956,synonyms of exquisite
278620,how many carbs in fried shrimp
287762,how many lines of symmetry does this isosceles trapezoid have
122078,define gynecology
248978,how long does a broken leg take to heal
13341,age limit to truvada
257596,how long does it take to hear from the appeal court
153441,distance ellijay to huntsville
68058,can hibiscus change color
140925,dengue and in how many days
144952,did rollo the viking exist
1124954,synonyms of insight
366828,how to link paypal credit to paypal account
342357,how to accept steam game invites
368514,how to make caesar salad
284105,how many gallons of gas does a big boat get
348455,how to change evap temp sensor chevy 4.3
210708,how can i set up my screen?
186651,fidelco how to donate
92829,city of memphis credit union hours
139141,definition of uncapped bandwidth
217121,how do hawaiians celebrate thanksgiving
1124953,synonyms of instituted
133672,definition of coving
336868,how old is trina the rapper
144498,did martin freeman get benedict hobbit tolr
48772,barbie phone number
45794,average temperatures for uluru in october
51244,benefits of stretching in physical therapy
148894,"difference between tailored, traditional and slim suits"
245822,how long do i sear a tri tip
32747,average cost of a gs employee
142384,determining purity of gold
1135780,distance between warsaw in and indianapolis
1124952,synonyms of mischief
189391,foods that good to eat with vertigo
141129,denver distance to los angeles
111413,costa mesa 24 hour fitness address
173985,does water compress when heated
13965,age onset diabetes
78897,can you pay for cryotherapy with flex benefits
338862,how should students leave the classroom
25917,are traditional ira's fdic insured
290331,how many neutrons does fluorine have
310429,how much does a money order cost?
1124951,synonyms of presence
128759,define us chamber of commerce
372032,how to pass a variable number of arguments as a integer in java
245486,how long do i cook a pork roast
52199,best treatment for heart disease
120614,define drumpf
139553,definition pacule
253266,how long does it take for a stars light to reach earth
257008,how long does it take to get license plates for vehicle from private owner
274044,how low hemoglobin to get blood
285049,how many grams of protein in broccoli
1124950,synonyms of present
186830,filemaker how to update a portal when a script adds a record
285182,how many grams of sugar in a klondike bar
79984,can you take a 16 passenger bus and get class b cdl
321300,how much is a signed picasso lithograph worth
129775,define: stubble
363366,how to glaze kitchen cabinets
301672,how microgram to milligram
89453,celebrities born on june 16
203690,history of janesville gm plant
374595,how to raise a platform bed
1124949,synonyms of request
309971,how much does a job at steel crest pay
367903,how to make a presentation on leaf litter habitat
332707,how often to nail baseboard
364210,how to help a jammed finger
198444,happy definition synonym
90186,cgs ohio medicare fee schedule
276362,how many calories do you burn kayaking
12977,age for children to pay for metro
302038,how much anesthesiologist assistant make in alabama
195145,glass railing cost per foot
1124948,synonyms of stupid
268643,how long to boil flatware for sterilizing?
213074,how did charles spurgeon die?
257085,how long does it take to get passport in the mail
117755,define antihero
378216,how to save coordinates on garmin nuvi 2495
150647,different types of membrane in construction
197438,gs4 phone features
361874,how to get lighter skin for black people
289935,how many months keep hamburger in freezer
223927,how do you set up a car rental through american express
1124947,synonyms of successful
173679,does variable comp get taxed at a higher rate than base pay
374960,how to record ios on windows free
195887,goodyear tire stock price
216895,how do download a reader for my Mac book
44652,"average temp in april barcelona, spain"
334687,how old is cierra ramirez
191881,friendly home of jackson mich phone number
122067,define guises
122937,define intuitively
49112,basting thread definition
1124946,synonyms of supports
341511,how tall is the state
33575,average cost of food ireland
61428,cam school district in iowa
341488,how tall is the ps on the laptop?
22552,are fresh cherries good for constipation
73192,can schools change society
33401,average cost of decorating one room
282542,how many does a ps vita game cost
359101,how to find someone by their alien number
259801,how long does the ;lh surge lasts
1124945,addison's symptoms cats
347435,how to calculate the mip on a fha loan
227876,how does the body process water
40578,average price for kitchen cabinets installation
22080,are disposable contacts past their expiration date safe to wear
177294,earth contact log cabins
40409,average precipitation in oregon
51700,best dog food for digestive problems
96777,condemnation clause in real estate
204559,home remedies for kidney infection
70690,can latisse cause eye itching
1124944,synonyms of tool
47395,average weight of baby
365407,how to install android apps on lumia 630
122795,define inpatient
8780,______ was louis armstrong's nickname.
343585,how to apply cheats for microsoft treasure hunt
322609,how much is minnie's breakfast at disneyland?
132167,definition of amanuensis
175965,driving distance from birmingham to tampa
360323,how to frame a decision
113399,cubic inches to horsepower conversion
1124943,synovus routing numbers
237297,how is rose medical center funded
86064,causes of dka uptodate
227422,how does rna get into the cytoplasm
338310,how quickly to eat milk toast
311373,how much does a security administrator make an hour
287793,how many liters are in a meter
148530,difference between rhyolite and basalt
554,10 day weather forecast rhode island
179317,el reno federal credit union hours
350441,how to clean an outside table in the heat
1135779,___________ is a picture that includes the full face or another feature with much detail.a.portraiturec.montageb.photo essayd.close upplease select the best answer from the choices providedabcd
1124942,syrets concentration camp
82977,carrots what zones grow
143673,did corvette ever make a station wagon
122298,define holdover proceeding
375436,how to refund playstation store games
78148,can you have a skipped cycle in your period
159156,do stool softeners cause bloat
159141,do stem cells come from aborted fetus
344241,how to backup iphone itunes
22197,are edamame soy beans
73358,can sheep & goats be penned together
1124941,syria attack how many dead
210265,how can i commit suide quiz
144923,did robby ray play in all stars game
247012,how long do washer machines last
253474,how long does it take for an unemployment check to be mailed
281555,how many days of leave are allowed for oconus pcs leave
338966,how small of a hole can a ermine fit through
188112,flow chart of ruling dynasties of the medieval period of india
263752,how long is freshly canned spaghetti good for
61171,calories in yogurt pretzel
300487,how many years after services can a dr's office bill a patient
1124940,t ribosomes function in what process
209204,how big is lake shelbyville?
354348,how to delete access denied service
155974,do dinosaurs exist until
10141,aca calculation of employee hours
299735,how many weeks can the flu stay in your system
327869,how much snow does it take to make a gal. of water
346900,how to calculate drawdown
351368,how to connect desktop windows xp computer to wifi at home
82969,carrot defects
70740,can lemon juice cause hives
1124939,bp gas station phone number
232128,how far is reno to las vegas
235309,how high is golden gate bridge
53835,binswanger disease symptoms
75040,can u get pregnant if you have irregular periods
169453,does nacl form a precipitate
278921,how many casinos in florida with table games
42481,average salary for obgyn in mississippi
18090,andy dalton tcu stats
127493,define stigma
36777,average gpa carnegie mellon university
1124938,table of how long bacteria lives on surfaces
359894,how to fix iphone wifi setting when not working
57376,business analyst healthcare sector
135801,definition of latin stem words
327613,how much should it cost to replace a fuel pump in jeep
370478,how to measure electric charge
314377,how much does it cost for a replacement of a spinal cord stimulator
157715,do managers need to be psychiatrists
1428,405.00 euros to dollars
2910,Empty the cache on your iPhone
243755,how long dialysis session
1124937,table partitioning table example
321262,how much is a rookie card a pete rose?
75771,can yeast cause arthritis
139155,definition of understatement in poetry
216489,how do banerjee and dufflo explore
158462,do political parties help or hurt the legislative process?
364174,how to heal yourself with your mind
32430,average cost for pod rental
357196,how to enroll passport returned
298370,how many times do people change majors
229222,how effective is a ionithermie cellulite reduction treatment
1124936,table salt is the result of a(n) _____.
259388,how long does rash from reclast last?
199416,hazardous fragment definition
360650,how to get a court date for child custody modification
275042,how many awards did mara rockliff have
315137,how much does it cost to concrete a patio
338429,how replace cane seat in wenonah canoe
147038,difference between developed and underdeveloped countries
274045,how low is blood pressure before death
51273,benefits of telehealth for patients
25003,are soft tissue masses cancerous
1124935,tableau is vendors of what application
99908,corroborated definition
175542,dr. michael yoichi komeya fax number
242699,how long can turkey bites stay of the fridge
90222,chaincoin price
39195,average monthly temperatures mobile al
365204,how to insert the values into column by multiplying
229874,how far behind is central time.from eastern time
2431,Cap of fee for cost plus incentive fee
99693,cork manufacturers in portugal
33809,average cost of hospital surgery
1124934,brachial plexus dorsal scapular
366887,how to load minecraft mods faster
12827,age concern isle of man
327172,how much sell gram of coke
14931,airplane icon
148109,difference between nvocc and freight forwarder
238920,how long after eating before cardio
21759,are colonics good for you
62641,can a loan officer be charge for the appraisal fee on a mortgage
69836,can i transfer office 2010 to a new computer
297659,how many tanning sessions to get a base tan
1124933,taclonex what is it for
355486,how to do a bibliography mla
203307,hilton grand vacation customer service number
28713,at what layer of the osi model does the ipsec encryption protocol operate
165773,does duration of latent period change with different stimulus
145774,did whoopi goldberg win an oscar an emmy and a tony?
333735,how old do you have to be to sit in the front seat of the car legally in north carolina
60301,calories in fun size milky way
